{
  "corr": 0.7790890137106471,
  "mae": 10.873112678527832,
  "mse": 206.85743713378906,
  "rmse": 14.382539749145508,
  "segments": 5000
}