{
  "corr": 0.7532793115574429,
  "mae": 11.638819694519043,
  "mse": 227.6318817138672,
  "rmse": 15.08747386932373,
  "segments": 5000
}