{
  "corr": 0.7903101460812048,
  "mae": 10.590628623962402,
  "mse": 195.83248901367188,
  "rmse": 13.994016647338867,
  "segments": 5000
}