{
  "corr": 0.8165808855200872,
  "mae": 9.876994132995605,
  "mse": 174.90321350097656,
  "rmse": 13.22509765625,
  "segments": 10000
}