{
  "corr": 0.7474863522557014,
  "mae": 11.688937187194824,
  "mse": 230.0123291015625,
  "rmse": 15.166157722473145,
  "segments": 5000
}